area_sqft,bedrooms,bathrooms,age_years,parking,location,price
812,2,1,9,0,Delhi,4763695
3209,5,3,19,1,Delhi,21099287
2791,5,5,21,0,Hyderabad,13632630
2036,2,1,28,0,Mumbai,17021594
2015,2,1,24,1,Delhi,12737249
3505,5,3,7,2,Delhi,24900406
800,1,1,6,2,Bangalore,5494999
2941,5,4,27,0,Hyderabad,14261095
1205,3,3,15,2,Delhi,8378079
829,1,1,3,0,Delhi,5714169
2343,3,1,25,2,Bangalore,15890643
3915,6,5,20,0,Hyderabad,19748310
3075,6,5,0,1,Mumbai,30615650
3164,4,2,24,0,Hyderabad,15193063
3011,5,4,18,2,Hyderabad,14871746
3252,6,5,19,0,Mumbai,30466502
2296,3,2,26,2,Hyderabad,10763131
948,1,1,15,0,Pune,4389839
3439,5,4,14,1,Bangalore,25438999
2076,3,2,19,0,Bangalore,14317826
2251,4,3,6,2,Hyderabad,12104964
1798,3,2,4,1,Pune,10262034
1139,1,1,26,2,Pune,3996415
3744,6,5,6,2,Hyderabad,19973061
3236,5,4,15,1,Bangalore,23318112
2754,5,4,8,0,Hyderabad,14093943
1908,3,2,7,0,Hyderabad,10220306
3380,5,4,18,0,Mumbai,31186473
2409,4,2,24,2,Delhi,15468059
2052,4,3,13,2,Bangalore,14906319
2077,3,2,4,1,Hyderabad,10943259
1295,1,1,7,2,Mumbai,12112003
822,2,1,5,0,Pune,4284962
2441,3,1,27,2,Delhi,15074810
3608,6,4,9,1,Mumbai,34345823
723,1,1,11,0,Pune,2712000
3504,6,5,2,0,Delhi,24865851
3397,5,4,13,1,Hyderabad,17195348
1468,1,1,28,1,Delhi,8035160
2711,5,4,12,0,Hyderabad,13847230
1078,2,1,20,1,Mumbai,9100169
3154,4,3,5,0,Hyderabad,16912470
2952,5,4,4,2,Pune,17007027
1741,2,1,22,1,Delhi,10628599
737,1,1,2,0,Delhi,5748661
3898,6,5,13,1,Delhi,26584495
2060,3,2,9,2,Bangalore,15675136
3626,6,5,0,1,Hyderabad,19756663
2873,4,3,16,2,Bangalore,21264664
3225,5,4,29,1,Bangalore,22757570
3160,6,5,2,2,Bangalore,24537488
1181,1,1,25,0,Bangalore,6894029
1774,1,1,16,0,Pune,8286385
2133,4,3,22,1,Bangalore,14967527
2242,5,4,2,2,Pune,13882477
653,1,1,26,2,Hyderabad,1909811
2413,3,2,0,2,Mumbai,22856182
1040,1,1,28,2,Delhi,5312226
3102,5,4,20,1,Delhi,21060367
2891,4,3,10,0,Bangalore,21415807
3729,5,4,0,2,Mumbai,35377497
3107,5,5,18,1,Hyderabad,15519594
1783,3,2,2,0,Pune,10314376
3887,5,4,18,0,Bangalore,28333636
1938,3,2,23,2,Pune,10118697
1640,4,3,8,0,Mumbai,15211852
3670,6,4,7,0,Hyderabad,19133573
1796,3,1,6,2,Delhi,12028289
767,1,1,6,0,Pune,3874771
2143,4,3,3,0,Hyderabad,12087943
3285,4,2,7,2,Pune,17594090
1163,2,1,20,1,Hyderabad,4365797
2120,3,2,9,2,Bangalore,15170006
954,3,2,24,1,Hyderabad,4149759
2903,4,3,25,0,Bangalore,20238264
2165,4,3,23,0,Pune,11251107
1656,2,1,16,2,Delhi,10905490
1294,2,1,9,0,Mumbai,11048920
2476,4,3,28,1,Bangalore,17337918
2845,4,3,6,1,Delhi,19513267
3792,6,5,14,1,Pune,21344423
2030,4,3,14,2,Hyderabad,9950801
1062,1,1,23,1,Hyderabad,3989335
3415,4,3,16,1,Delhi,22710195
2704,4,2,24,1,Hyderabad,13103713
2951,4,4,28,1,Delhi,18366661
840,1,1,12,2,Bangalore,5650763
1593,2,1,27,0,Hyderabad,6026568
3188,4,3,5,0,Delhi,21998924
3413,4,3,28,1,Delhi,22046526
2023,3,2,5,1,Delhi,14400010
3317,5,4,26,0,Bangalore,23061740
3446,4,3,12,2,Hyderabad,17675329
1856,3,2,29,1,Delhi,11660316
3644,6,5,4,0,Delhi,25080864
1509,2,1,14,2,Bangalore,10647321
1338,1,1,27,2,Mumbai,11087479
2889,5,3,1,1,Pune,16662246
2729,4,2,8,0,Hyderabad,13415429
989,3,2,2,0,Pune,6382835
3415,6,5,9,1,Hyderabad,17692172
1199,2,2,12,0,Bangalore,8290577
3317,5,3,19,1,Hyderabad,16377557
525,1,1,7,0,Delhi,3572938
3289,5,5,4,0,Delhi,22879179
3255,6,5,5,1,Pune,18686396
3232,5,4,29,2,Delhi,21062620
2827,4,2,29,2,Hyderabad,13391837
2150,3,2,6,0,Pune,12610608
2968,5,3,6,0,Hyderabad,14998782
1470,3,2,1,1,Mumbai,14420370
3233,5,3,29,1,Bangalore,22020713
2445,4,3,21,2,Pune,13250584
2106,3,3,23,2,Mumbai,18415509
2270,3,2,9,1,Bangalore,16173873
2491,4,2,19,0,Pune,12716955
630,1,1,1,0,Hyderabad,3327330
989,1,1,20,0,Pune,4255919
1359,2,1,17,1,Delhi,8562795
900,1,1,10,0,Bangalore,5997981
2039,3,2,22,0,Bangalore,13317538
2840,4,3,20,2,Delhi,18964725
2791,4,2,13,2,Bangalore,20108464
2149,4,3,5,1,Mumbai,20947607
3493,5,5,0,2,Delhi,24656791
2478,3,2,29,2,Bangalore,16005204
777,1,1,8,2,Delhi,5078591
3178,6,5,9,2,Bangalore,24519583
2511,3,1,21,0,Delhi,15807830
2722,4,3,7,2,Pune,15244516
2479,4,3,11,2,Delhi,16688879
2438,4,3,22,2,Hyderabad,12427618
817,2,1,18,1,Delhi,4440139
2457,4,3,20,2,Bangalore,17195112
3282,5,4,0,2,Mumbai,31787512
1564,2,1,13,2,Mumbai,13366393
2610,4,2,14,2,Bangalore,19236107
607,1,1,19,2,Hyderabad,2402068
1716,2,1,4,1,Hyderabad,9021531
2028,2,1,4,2,Mumbai,19017341
3940,6,5,23,1,Delhi,26293607
1251,2,1,20,2,Pune,5583098
1468,2,1,25,2,Bangalore,9326974
1930,3,1,8,2,Mumbai,17568667
3975,6,5,30,1,Pune,21090154
3487,4,2,8,1,Bangalore,25531373
621,1,1,20,0,Pune,2746083
1319,1,1,5,1,Mumbai,12151119
3376,6,4,28,1,Bangalore,24195601
704,1,1,10,1,Delhi,4271999
3495,6,4,24,2,Pune,18626603
1485,2,1,10,2,Delhi,9968285
3712,5,4,24,0,Pune,19337134
1527,3,1,14,1,Pune,8054615
2020,3,2,1,2,Pune,11312583
2817,5,4,5,2,Delhi,19701930
942,1,1,21,2,Mumbai,7830393
2450,4,2,5,2,Bangalore,18610342
2268,4,4,8,2,Bangalore,16771020
3244,5,4,16,2,Hyderabad,16735915
3987,6,4,7,1,Mumbai,37406543
2825,3,2,3,0,Hyderabad,14405777
1932,2,1,19,1,Delhi,12473931
1922,4,2,21,2,Mumbai,17610621
1963,4,3,22,0,Delhi,12948055
3349,5,3,29,2,Pune,17952877
1624,1,1,3,1,Delhi,10599642
1084,2,1,13,2,Mumbai,9350944
1670,3,1,7,0,Pune,8841257
579,2,1,27,2,Bangalore,2923925
871,2,1,16,1,Delhi,4467407
815,1,1,3,1,Delhi,5514900
3201,4,4,21,1,Bangalore,22446400
3028,5,4,1,1,Mumbai,29406316
2939,4,3,8,2,Delhi,20316847
2117,3,1,22,0,Pune,10158156
3010,6,5,15,2,Mumbai,28696486
1064,3,2,23,2,Bangalore,7341142
3653,6,4,17,0,Mumbai,33518009
2254,3,2,26,0,Delhi,13708442
3784,6,4,17,1,Delhi,24827123
1033,2,1,1,2,Mumbai,9695269
2241,4,3,2,2,Delhi,15816636
2937,5,4,24,2,Mumbai,26828958
2235,4,3,1,2,Hyderabad,11977116
2061,4,3,11,1,Hyderabad,10493092
1081,2,1,0,1,Mumbai,10050134
1833,3,2,9,0,Bangalore,13310890
1335,1,1,18,1,Bangalore,8734000
1555,2,1,5,0,Hyderabad,7904828
2893,4,3,14,0,Mumbai,26511326
2706,3,2,30,2,Mumbai,22964624
2625,5,4,2,2,Mumbai,25318016
1766,4,3,1,1,Delhi,12816443
3859,6,5,8,0,Mumbai,36279847
806,1,1,25,0,Hyderabad,2545043
1699,3,3,12,0,Hyderabad,9014139
913,1,1,19,2,Delhi,5488734
1686,3,2,1,0,Bangalore,12436369
3867,5,3,22,0,Bangalore,27466441
1782,3,2,2,2,Bangalore,13808106
3680,6,5,22,2,Bangalore,26387876
2233,3,2,4,2,Delhi,15781603
2949,5,4,26,0,Hyderabad,14129068
2101,3,2,9,1,Hyderabad,10111316
1430,3,2,5,0,Pune,8295321
3175,5,4,10,2,Pune,17935937
3893,6,5,0,0,Bangalore,29421313
1422,2,1,5,2,Mumbai,13284891
3226,5,4,18,1,Delhi,21407320
1414,2,1,9,2,Bangalore,10331546
3009,4,3,10,1,Delhi,20393292
3262,5,3,25,0,Hyderabad,15665857
2073,3,2,3,2,Bangalore,15676000
3079,4,3,12,1,Bangalore,21858895
1453,3,2,5,1,Mumbai,13564001
777,1,1,14,1,Hyderabad,2476119
837,1,1,10,1,Delhi,5438160
2065,3,2,1,1,Delhi,14078226
3660,6,5,2,0,Delhi,25946399
946,2,1,26,0,Pune,3879046
2095,4,3,1,0,Hyderabad,11646823
2964,5,5,24,0,Mumbai,26574594
1208,1,1,28,2,Hyderabad,4415593
3026,4,3,14,0,Mumbai,28288598
1571,3,2,9,0,Pune,9189210
3331,5,4,24,0,Delhi,22167063
2527,5,3,30,2,Bangalore,17607123
2414,4,4,3,1,Pune,13691013
1118,2,1,29,0,Bangalore,6697518
2121,3,1,29,1,Mumbai,18003693
3499,5,5,4,0,Hyderabad,18711385
568,1,1,1,0,Hyderabad,2834905
3155,5,3,22,0,Bangalore,22184473
2225,3,3,2,2,Pune,12887452
3018,5,4,18,0,Pune,16369797
2822,4,3,2,1,Mumbai,26980803
2012,3,3,21,2,Hyderabad,9384882
1580,3,2,7,2,Mumbai,14509850
2696,4,3,2,1,Pune,15997875
990,2,1,2,0,Delhi,7816239
2544,4,3,5,1,Mumbai,24252597
831,1,1,16,0,Bangalore,4633603
2775,4,3,2,1,Bangalore,20564382
2701,5,4,24,0,Hyderabad,13312991
795,1,1,18,1,Hyderabad,3525390
3151,4,3,9,1,Delhi,20976988
1955,2,1,30,2,Mumbai,16301484
3254,5,3,20,1,Mumbai,29754576
645,1,1,20,2,Bangalore,4017602
1128,2,1,5,1,Bangalore,8175740
2229,4,3,22,2,Hyderabad,10261865
1158,1,1,17,1,Pune,5549019
1654,3,3,30,2,Delhi,10444679
2812,5,4,14,1,Bangalore,20625093
1005,1,1,21,2,Pune,4497834
2872,4,3,10,1,Bangalore,20787928
862,1,1,1,1,Delhi,5736980
1113,1,1,3,1,Bangalore,8440249
2557,4,3,26,2,Bangalore,17864624
3277,6,5,22,1,Delhi,22282129
1097,3,2,11,0,Pune,6510140
1550,2,1,21,2,Mumbai,12960805
3738,6,5,0,2,Bangalore,28422791
3964,6,5,1,0,Bangalore,29983277
2534,5,5,15,2,Hyderabad,13115690
2065,3,2,19,1,Delhi,13516598
1714,3,1,29,0,Delhi,9945410
2644,4,3,23,1,Mumbai,23388614
2568,6,5,7,2,Bangalore,19959020
1531,3,2,25,0,Mumbai,13138619
579,1,1,15,2,Pune,2887939
1030,2,1,25,1,Mumbai,8407599
3855,6,5,5,0,Delhi,27118901
1963,3,1,0,1,Bangalore,14853102
2188,4,4,1,1,Pune,12941722
2135,3,3,30,2,Hyderabad,9297323
3240,5,4,2,2,Pune,18859093
727,1,1,29,0,Bangalore,3342406
789,1,1,22,2,Pune,3754238
1465,3,1,4,1,Pune,8807764
2203,2,1,26,0,Mumbai,18878494
2849,5,3,4,2,Bangalore,21695463
2217,3,1,4,1,Pune,12217614
2044,2,2,17,1,Mumbai,17664607
3783,6,5,8,2,Pune,21485940
1063,2,1,9,0,Bangalore,7496490
2501,3,2,6,0,Bangalore,18217310
2398,4,3,18,2,Delhi,16141338
2157,3,2,0,0,Pune,12588866
3327,5,4,7,0,Hyderabad,17087346
1434,2,1,17,0,Delhi,8541924
3839,6,5,15,2,Mumbai,36458800
1660,3,2,21,0,Delhi,10639844
2408,3,1,6,0,Delhi,15995230
2322,4,2,20,1,Hyderabad,11108076
3475,5,4,23,0,Bangalore,24529050
2036,2,1,12,1,Mumbai,18245051
1496,1,1,7,1,Mumbai,13639439
575,1,1,17,1,Hyderabad,2957247
1773,3,2,17,1,Mumbai,15983415
3392,5,3,2,2,Pune,19630309
534,1,1,17,1,Mumbai,3525733
3637,6,5,4,1,Delhi,25540785
2400,4,3,17,0,Pune,13170085
991,1,1,28,0,Delhi,5022310
1557,2,1,16,0,Pune,6090210
2439,3,3,23,0,Mumbai,21776908
1605,3,2,9,0,Pune,9437358
880,2,1,28,0,Pune,2567432
2831,4,3,25,0,Pune,14952986
2853,3,2,28,0,Delhi,16664316
916,1,1,22,1,Pune,4051500
1484,2,1,20,0,Hyderabad,6370173
1353,2,1,16,0,Mumbai,10884510
2808,4,3,28,0,Mumbai,24918148
3056,5,4,26,0,Hyderabad,15101594
3045,4,3,12,0,Delhi,20529860
3786,6,5,2,1,Pune,22101890
3191,5,4,0,1,Pune,18399113
1622,2,1,7,2,Delhi,10251514
877,2,1,1,1,Bangalore,7061152
2651,3,3,6,1,Bangalore,20049414
3706,6,5,3,2,Mumbai,35989353
3914,6,4,30,0,Hyderabad,18091443
1305,2,1,2,2,Delhi,8662287
1327,3,2,19,2,Mumbai,11566911
630,1,1,10,1,Hyderabad,2266459
994,3,2,5,2,Delhi,7376466
2442,4,4,21,0,Hyderabad,11989296
2414,3,1,30,2,Delhi,14190411
1798,3,2,24,1,Bangalore,12327995
1585,2,1,30,0,Delhi,9062886
3405,5,4,18,0,Pune,18104144
2110,3,2,20,2,Pune,10761617
3329,5,4,4,1,Hyderabad,16966770
3872,6,5,26,0,Hyderabad,18899308
1610,3,2,23,1,Pune,7914585
1209,3,2,7,2,Pune,7105862
3836,6,5,10,1,Bangalore,28634607
2722,5,4,18,0,Hyderabad,13741085
1518,3,2,0,0,Pune,8851080
2677,3,2,25,0,Hyderabad,12249768
2303,3,2,8,2,Mumbai,21767711
3670,5,4,2,2,Bangalore,27566576
1396,2,1,10,2,Pune,7520358
3970,6,5,25,1,Mumbai,36264840
3777,6,5,8,2,Mumbai,35656634
1132,3,2,16,1,Hyderabad,5646608
1076,2,2,25,1,Bangalore,6487671
2366,4,3,1,0,Delhi,16894151
657,1,1,23,1,Mumbai,4812889
1546,2,2,8,1,Bangalore,11055623
2023,3,2,21,0,Pune,9984750
3893,6,5,5,1,Hyderabad,20508558
3974,6,5,4,2,Hyderabad,20669170
1030,3,2,24,1,Pune,4960013
3621,6,5,25,1,Pune,19510241
818,2,1,30,0,Mumbai,6209385
3120,4,3,20,0,Hyderabad,14839990
3460,5,4,14,0,Mumbai,32673384
3618,6,5,6,0,Delhi,25214092
1282,2,2,9,2,Hyderabad,6217312
3627,6,5,20,2,Hyderabad,18111810
906,2,1,10,1,Mumbai,7597127
2316,4,4,14,1,Pune,13299620
2143,4,3,5,1,Bangalore,16680874
1606,3,2,13,1,Mumbai,14904261
577,1,1,7,1,Mumbai,4889369
3202,5,4,3,1,Delhi,23186944
1674,1,1,4,2,Bangalore,11914898
2816,5,4,16,1,Bangalore,20447841
1936,1,1,11,1,Bangalore,13785041
1808,2,1,3,1,Mumbai,17042619
3602,6,5,15,0,Hyderabad,19259986
830,2,1,5,0,Pune,4703053
3078,4,2,0,0,Hyderabad,15935439
3114,4,3,4,1,Delhi,21296868
1830,4,3,13,2,Pune,9609551
1418,2,1,29,2,Hyderabad,5528891
518,2,1,7,2,Mumbai,5422608
3779,6,5,8,0,Delhi,26463092
3818,6,5,7,2,Mumbai,36329108
1343,3,2,11,2,Mumbai,12218773
611,1,1,22,1,Bangalore,3316406
929,1,1,9,0,Mumbai,8485485
736,1,1,20,1,Mumbai,5874752
3409,5,4,27,2,Pune,17945157
3622,5,5,29,2,Delhi,23434065
1036,1,1,17,1,Mumbai,8937514
3114,4,2,22,1,Pune,14956633
1127,2,1,28,1,Delhi,6249496
1785,3,2,24,0,Mumbai,16334613
2598,4,3,9,1,Mumbai,23774069
3020,5,3,4,0,Delhi,20965521
3561,6,5,3,2,Bangalore,27164231
656,1,1,27,2,Delhi,2812096
1187,1,1,17,1,Mumbai,10355731
1482,2,1,9,1,Hyderabad,7398958
1586,3,2,10,2,Hyderabad,8216105
3994,6,5,8,1,Mumbai,38015045
3221,4,3,24,2,Mumbai,28964863
1621,3,2,18,1,Bangalore,12349953
3902,6,5,27,0,Hyderabad,19142571
2248,3,2,9,0,Hyderabad,11278749
2253,4,2,14,0,Delhi,14365836
2018,4,2,3,1,Delhi,14116792
1003,2,1,30,1,Bangalore,6072582
3771,6,5,15,1,Hyderabad,18933390
548,1,1,17,0,Hyderabad,1200000
1110,2,1,12,2,Delhi,7236310
1304,2,2,8,1,Bangalore,9947761
1477,2,1,29,2,Delhi,8435333
961,2,1,15,1,Pune,4579556
562,2,1,20,1,Hyderabad,1397129
2872,5,4,1,1,Bangalore,22142289
3893,6,5,8,0,Delhi,27225946
926,1,1,24,0,Bangalore,4578394
1538,3,1,2,1,Bangalore,12023086
2272,4,3,3,2,Hyderabad,12613593
3747,6,5,25,0,Mumbai,34619311
2930,5,4,9,1,Hyderabad,15588234
3182,5,4,8,2,Mumbai,30356789
2534,4,3,17,2,Delhi,17113252
1960,3,2,6,1,Mumbai,18673965
1199,2,1,1,0,Delhi,7736935
3525,6,5,0,0,Mumbai,33449629
3315,5,5,2,1,Pune,18940397
587,1,1,4,2,Delhi,4090063
3004,5,4,21,0,Delhi,20041848
795,1,1,9,2,Delhi,5251139
3087,5,4,2,2,Delhi,22366487
3391,5,4,0,0,Hyderabad,18528773
958,1,1,14,1,Hyderabad,3813065
2018,4,3,26,0,Delhi,12830502
933,1,1,10,2,Pune,4454859
2486,3,3,1,1,Pune,14091314
3747,5,4,7,0,Hyderabad,19458227
783,1,1,15,0,Mumbai,5203951
1891,3,2,5,1,Mumbai,18662935
3906,6,5,30,0,Bangalore,27690243
1553,2,1,23,0,Hyderabad,6285904
962,2,1,10,0,Pune,5626979
2210,4,3,29,1,Bangalore,14868399
2279,4,3,10,2,Mumbai,21507382
2820,5,4,4,1,Pune,16163509
1598,3,2,29,0,Hyderabad,7268597
3845,5,3,29,1,Bangalore,26648255
2324,3,2,9,2,Pune,12757119
1502,1,1,18,0,Bangalore,10075324
3861,6,5,5,0,Bangalore,29131799
3737,6,5,19,0,Bangalore,27059978
2247,4,3,21,2,Pune,12253037
587,2,1,22,0,Hyderabad,2816069
2589,4,2,17,1,Bangalore,18444094
2443,3,1,21,2,Mumbai,21657866
1018,2,2,17,1,Mumbai,8931719
2719,4,3,25,1,Delhi,17932150
3443,5,3,5,0,Mumbai,32127281
870,2,1,14,0,Delhi,5227589
3032,4,3,12,0,Bangalore,21295895
991,2,1,16,2,Delhi,5757146
3121,5,4,4,0,Mumbai,29477770
1967,2,2,10,0,Pune,10308822
522,1,1,29,2,Mumbai,3887179
3882,6,4,3,1,Pune,22363997
1081,2,1,19,1,Hyderabad,4289573
2586,4,3,20,2,Bangalore,18097207
1135,1,1,14,1,Delhi,7378662
3766,5,3,1,2,Mumbai,36118314
3084,5,4,1,1,Bangalore,23477852
3316,5,4,8,2,Bangalore,24547116
2012,3,3,3,2,Delhi,14661726
2136,3,1,2,1,Bangalore,15464336
2720,4,3,4,0,Bangalore,20347211
3247,5,4,5,2,Mumbai,31718431
3465,6,4,25,0,Pune,18439874
562,1,1,19,0,Delhi,2451537
2823,5,3,0,1,Mumbai,27350629
882,1,1,19,2,Hyderabad,3339097
1508,3,2,4,0,Mumbai,13854059
3403,5,5,13,2,Pune,19230963
1377,2,1,1,2,Bangalore,10810242
3289,5,3,2,2,Mumbai,31252183
2120,4,3,4,1,Hyderabad,11313968
1314,2,1,13,0,Mumbai,11229452
1670,3,2,14,1,Mumbai,15147523
2358,3,2,10,0,Hyderabad,11471571
3178,5,4,19,2,Pune,16891739
2621,3,2,22,1,Pune,13901459
3767,6,5,22,1,Delhi,25458772
3537,6,4,17,1,Delhi,24200838
3137,5,4,16,2,Pune,17551590
2611,4,3,15,1,Mumbai,24268863
1514,2,1,7,2,Mumbai,13841412
1944,3,2,15,2,Pune,10404193
916,1,1,0,2,Mumbai,8749839
1810,2,1,29,1,Delhi,10638462
3743,6,3,11,2,Delhi,25829092
1991,4,2,23,0,Bangalore,13493069
898,3,3,29,0,Pune,3374345
2782,4,3,15,1,Hyderabad,13904783
3870,6,4,26,2,Delhi,25563506
3537,6,5,14,0,Delhi,23598870
1459,2,1,4,1,Bangalore,10860682
2089,3,3,0,0,Mumbai,20338870
2359,4,3,4,1,Bangalore,18667925
1367,2,1,29,0,Hyderabad,5044681
1440,2,1,14,2,Bangalore,9761451
1328,1,1,9,2,Bangalore,8877703
3982,5,5,13,2,Hyderabad,20476625
3111,5,4,7,2,Delhi,21852311
3443,5,3,26,0,Hyderabad,16122446
3358,5,4,30,1,Bangalore,23294775
3857,6,5,2,0,Bangalore,28416467
868,2,2,22,1,Hyderabad,3850632
3586,6,5,10,1,Bangalore,26482262
733,1,1,1,2,Bangalore,5648870
2164,4,3,28,0,Mumbai,18466657
2581,5,5,1,2,Pune,15347376
1752,3,2,6,1,Bangalore,12896143
1011,2,1,0,2,Mumbai,9945048
1173,3,2,14,1,Pune,6437506
3387,6,5,18,1,Pune,19206076
1615,3,2,9,2,Bangalore,12181449
1586,3,1,2,2,Delhi,11605758
3732,6,5,3,0,Bangalore,28670136
1003,1,1,28,1,Delhi,5258898
3704,6,5,24,0,Delhi,24633152
3724,5,5,29,1,Bangalore,26491189
2595,4,3,16,2,Delhi,17773053
1079,2,2,16,2,Mumbai,9817998
1045,2,1,24,0,Pune,3894880
1496,3,2,19,1,Mumbai,12989489
2521,4,3,13,1,Hyderabad,12644601
1037,1,1,9,1,Hyderabad,5120467
2095,3,2,15,0,Bangalore,14657529
904,1,1,1,0,Hyderabad,5067104
2391,4,3,5,1,Hyderabad,13137133
574,2,1,22,1,Mumbai,4795710
2982,4,3,26,2,Pune,15758339
693,1,1,3,1,Delhi,4431552
1182,1,1,3,1,Pune,6605322
1111,2,1,2,1,Bangalore,8174365
3409,5,5,24,2,Delhi,22101327
686,1,1,9,1,Mumbai,5943385
2002,3,2,10,1,Hyderabad,10523258
2569,4,2,0,0,Mumbai,24582260
2306,3,2,30,2,Delhi,14845233
2883,5,3,13,2,Delhi,19791531
3311,5,5,24,0,Bangalore,24353731
1878,3,2,21,1,Hyderabad,8756532
3399,4,3,4,0,Pune,18852668
1613,2,1,24,2,Bangalore,10013213
3946,6,4,17,0,Mumbai,36812697
2266,3,2,18,0,Delhi,14343256
3076,6,5,6,0,Bangalore,23135533
3563,5,4,26,1,Hyderabad,17680831
3275,6,5,28,0,Pune,17725378
3479,5,5,12,1,Bangalore,26009218
2378,4,3,2,2,Bangalore,18029233
652,1,1,26,2,Bangalore,3326158
2226,3,2,27,0,Bangalore,14721051
1135,3,3,15,0,Bangalore,8368881
3612,4,3,17,0,Pune,19586148
1328,1,1,6,2,Bangalore,9604851
1298,2,1,2,1,Hyderabad,7531612
1373,2,1,29,1,Bangalore,8645018
2749,5,4,14,2,Delhi,18856320
2499,4,3,8,1,Mumbai,23771049
3821,6,5,21,0,Bangalore,28124079
1957,4,4,0,1,Bangalore,16098401
1488,3,2,2,2,Bangalore,11941412
672,1,1,7,0,Pune,3413386
524,1,1,13,1,Mumbai,4230157
1808,3,2,11,1,Pune,9983224
3741,5,4,5,0,Pune,21539091
2333,4,2,10,0,Bangalore,17082819
3628,6,4,10,1,Bangalore,27055086
855,1,1,16,1,Delhi,4955489
826,2,1,17,0,Bangalore,5127238
3417,4,4,27,1,Pune,17521653
873,1,1,25,1,Hyderabad,2987799
681,1,1,9,1,Bangalore,5238335
1914,3,2,27,2,Mumbai,16502100
3737,6,5,16,0,Pune,20580814
2913,4,3,5,1,Pune,16044718
846,1,1,10,0,Mumbai,7564821
3430,5,5,22,2,Hyderabad,17602338
3453,6,5,25,0,Delhi,23513074
3303,6,5,11,2,Delhi,23220678
3660,5,4,4,0,Delhi,25561024
1339,2,1,5,0,Delhi,8949757
3929,5,3,3,1,Hyderabad,20634007
1622,1,1,21,2,Bangalore,10593888
3307,5,4,15,0,Mumbai,30583393
2528,3,3,13,0,Bangalore,18034214
3228,5,4,20,2,Bangalore,23404173
2697,3,1,25,0,Mumbai,23320047
2749,4,3,24,0,Delhi,17553626
2657,4,3,4,2,Pune,15783977
3227,5,4,18,0,Delhi,22514191
3087,5,4,27,2,Pune,15790872
971,1,1,23,2,Mumbai,7288185
3392,6,5,10,2,Pune,19053397
2376,3,1,12,0,Hyderabad,11428649
1631,3,2,27,0,Delhi,10075023
2300,4,3,1,1,Delhi,16636939
3885,5,4,16,1,Hyderabad,19538211
3502,5,3,3,2,Bangalore,26389127
3418,5,4,27,1,Pune,17591370
2120,4,4,1,2,Delhi,15424557
3245,5,4,0,2,Mumbai,31247967
1848,4,2,10,2,Bangalore,13181524
2902,5,4,6,0,Hyderabad,14953141
2739,4,2,15,0,Mumbai,24508452
1374,3,2,9,0,Pune,7832238
1432,3,2,11,1,Pune,7912274
714,2,1,17,0,Delhi,4314871
989,1,1,17,2,Mumbai,7667121
2018,3,2,28,0,Mumbai,16732752
2173,4,3,14,2,Bangalore,16113125
1078,1,1,17,2,Pune,4043066
1959,2,1,21,0,Bangalore,13321620
2615,4,3,5,0,Mumbai,23996839
1314,2,1,20,1,Pune,6477971
1684,3,2,26,1,Bangalore,10806995
1786,2,1,9,0,Bangalore,12889116
2268,3,1,5,1,Bangalore,17648856
1782,2,1,10,0,Mumbai,15192388
3080,4,3,8,0,Pune,17149382
1646,4,2,18,2,Bangalore,11129143
2019,3,2,26,2,Mumbai,17750369
1828,3,2,18,0,Delhi,11599630
1140,1,1,3,2,Bangalore,8415424
2900,4,2,9,1,Pune,15530910
1324,2,1,21,1,Mumbai,11469189
1539,1,1,10,0,Hyderabad,6580275
3275,4,4,18,1,Hyderabad,16594573
3821,5,4,21,1,Delhi,25173262
2848,3,2,10,1,Pune,14768658
3708,5,4,20,0,Bangalore,26964228
3490,6,4,12,0,Hyderabad,17988430
2183,3,1,4,1,Mumbai,21034673
3196,6,5,11,0,Mumbai,30671475
1649,3,3,13,0,Bangalore,11553649
2112,4,3,0,1,Mumbai,20528254
2374,3,2,27,2,Pune,11747163
3862,6,5,16,1,Bangalore,28798206
3470,6,5,1,0,Mumbai,33563131
2212,3,2,26,2,Bangalore,14975702
2784,5,4,26,1,Hyderabad,13423242
1208,2,2,0,2,Pune,7263905
3316,5,3,5,0,Bangalore,25018607
2436,3,3,11,1,Mumbai,22455297
2365,3,1,15,0,Delhi,15084251
3182,5,4,22,1,Hyderabad,15486022
2715,4,3,13,0,Pune,14464182
753,1,1,18,2,Bangalore,4120266
1508,2,1,0,0,Hyderabad,7625769
1118,2,1,20,1,Delhi,7141447
3072,5,4,28,0,Pune,15792090
623,2,1,16,2,Mumbai,5583544
1208,3,2,14,1,Delhi,7154435
2591,3,2,9,2,Bangalore,18955909
2932,6,5,29,1,Bangalore,20787527
2262,3,2,1,1,Hyderabad,11769096
3513,6,5,8,0,Mumbai,33370336
3717,6,5,4,1,Hyderabad,19738061
962,1,1,26,1,Pune,2939044
3834,5,4,14,0,Pune,21129587
2650,4,3,28,1,Hyderabad,12395056
2727,3,2,20,0,Bangalore,18629120
832,2,1,17,0,Bangalore,4945835
2677,5,4,16,0,Delhi,17616050
3040,4,3,6,1,Mumbai,28568362
2533,4,3,17,0,Hyderabad,12983104
795,1,1,21,0,Bangalore,4566108
2331,3,2,29,1,Mumbai,19615033
3776,6,5,17,0,Mumbai,35122791
3032,5,4,29,0,Bangalore,21025330
981,3,1,29,1,Pune,4373615
3860,6,4,16,0,Mumbai,35932357
3857,6,4,13,2,Pune,20401362
1093,2,1,4,1,Pune,6344435
3303,6,5,8,2,Pune,18714382
1923,3,1,27,2,Mumbai,16019395
2578,4,3,4,2,Pune,14709634
2058,3,2,12,1,Delhi,13830840
3239,4,3,21,1,Mumbai,28656743
3989,6,5,7,2,Pune,22949402
3283,5,4,30,0,Pune,17088769
3760,6,5,20,2,Delhi,25506442
3812,6,5,0,0,Hyderabad,20243932
815,2,1,7,0,Delhi,5114718
1387,2,1,22,0,Bangalore,9178076
3027,5,4,26,0,Hyderabad,14030672
2565,4,3,28,0,Bangalore,17817565
675,1,1,26,2,Hyderabad,1962180
832,1,1,2,0,Bangalore,6050458
2322,5,4,22,2,Pune,11986569
2657,4,3,3,1,Pune,15105049
1087,2,1,2,2,Pune,6577155
1099,2,2,21,1,Mumbai,8853256
952,1,1,14,0,Pune,4544923
2477,3,2,20,0,Mumbai,21974154
527,1,1,26,1,Hyderabad,1200000
2504,4,3,2,2,Mumbai,24345136
2166,3,2,16,0,Mumbai,18653210
2131,2,1,25,1,Hyderabad,9350138
2878,4,3,13,2,Mumbai,27208802
2329,5,5,16,2,Mumbai,22544980
3047,5,4,15,1,Pune,16880832
3174,5,4,28,0,Delhi,20415412
3721,5,4,1,0,Delhi,25743969
3298,5,4,27,1,Bangalore,23039976
2312,2,1,25,1,Mumbai,19998333
2223,4,4,25,0,Mumbai,19574465
1325,3,3,12,0,Delhi,9237598
2599,3,2,15,1,Mumbai,24237606
987,1,1,11,2,Mumbai,8691341
3760,5,4,7,0,Delhi,25329462
3458,5,5,27,1,Pune,17720939
919,1,1,15,0,Pune,4400598
3251,4,3,22,0,Delhi,21020589
909,2,2,3,1,Mumbai,9177891
3025,5,4,24,0,Hyderabad,14503228
807,1,1,20,0,Bangalore,4939718
2209,2,1,30,2,Bangalore,14157595
2803,4,4,4,0,Bangalore,20684624
3051,5,4,16,0,Mumbai,28048651
1965,1,1,15,2,Hyderabad,8563031
3726,6,5,16,1,Hyderabad,19811076
3210,4,3,1,0,Hyderabad,16754266
1229,2,2,14,1,Mumbai,11206580
2849,4,3,9,1,Mumbai,26373096
3057,5,4,19,0,Delhi,20022325
1668,3,2,7,1,Mumbai,15590142
3084,6,5,13,1,Mumbai,29581417
3645,5,4,19,0,Pune,19291744
3360,5,5,1,2,Delhi,23665314
3169,4,3,24,1,Hyderabad,15135612
2721,5,3,22,2,Delhi,18221158
1447,2,1,1,0,Delhi,10560497
3284,5,5,2,0,Hyderabad,17747013
1775,3,2,26,2,Pune,8885397
2363,3,1,8,2,Mumbai,22058746
1600,3,3,26,0,Bangalore,10176445
1595,3,2,15,2,Mumbai,14217834
1051,2,1,10,0,Delhi,6402136
3865,5,4,8,1,Bangalore,27978749
1017,1,1,20,0,Mumbai,8431411
801,2,1,3,1,Pune,4806718
3777,5,5,12,2,Mumbai,35380824
2443,3,2,10,2,Pune,12346149
2033,4,3,4,2,Pune,12661017
3081,5,4,10,0,Delhi,20863505
1842,3,2,16,2,Delhi,12821134
947,3,3,21,1,Bangalore,5951765
3054,5,4,2,1,Pune,17406460
1116,2,1,27,2,Pune,3992203
2436,5,4,27,1,Pune,12853944
3822,6,5,21,1,Bangalore,27248560
3777,5,4,28,1,Mumbai,33607450
1763,3,2,13,1,Bangalore,12100620
3231,5,4,25,2,Mumbai,29651074
2644,4,3,22,1,Pune,14007812
2178,3,2,17,1,Delhi,14751212
989,3,2,5,0,Mumbai,9361003
1817,3,2,17,1,Bangalore,12755587
2782,4,4,27,2,Bangalore,18932733
3954,6,4,30,1,Pune,20543536
517,1,1,13,0,Bangalore,2927404
3012,4,2,7,1,Hyderabad,15530157
3463,6,5,23,2,Hyderabad,17818358
3830,5,4,2,0,Hyderabad,20440873
1983,3,1,4,0,Pune,10636616
914,3,2,17,1,Pune,5062264
1448,3,2,30,1,Pune,6564170
3477,5,3,10,0,Bangalore,25225391
3573,5,4,13,2,Mumbai,33049021
2730,4,4,9,2,Bangalore,20084022
929,1,1,13,1,Delhi,6238310
926,1,1,0,1,Delhi,6626594
2174,4,3,18,0,Hyderabad,10686314
2559,3,3,18,2,Delhi,16681714
613,1,1,9,2,Bangalore,5117093
2902,4,4,8,1,Pune,16687154
2406,4,3,23,1,Delhi,15326628
543,1,1,5,2,Hyderabad,2760635
834,2,1,1,2,Delhi,6126014
2090,4,2,1,0,Hyderabad,11313055
3029,5,4,27,2,Pune,15665371
3389,4,4,11,2,Mumbai,31684586
2009,4,3,3,2,Delhi,15006731
1534,3,3,27,1,Mumbai,12756230
3890,5,4,4,1,Bangalore,28505149
2105,3,2,10,0,Mumbai,19125895
1604,3,2,0,1,Hyderabad,8696322
2048,3,2,21,0,Mumbai,18711463
542,1,1,21,1,Hyderabad,1982198
1557,3,3,23,0,Delhi,10041013
2304,4,4,8,1,Hyderabad,12106672
3715,6,5,10,1,Mumbai,34984790
3084,3,2,29,0,Bangalore,20099903
3235,5,4,25,2,Bangalore,23218609
2407,4,3,1,1,Delhi,17297369
887,1,1,21,2,Hyderabad,3837699
1868,3,2,25,0,Mumbai,16038210
3990,6,5,17,2,Bangalore,29140377
654,1,1,19,0,Bangalore,3707516
3578,6,5,0,1,Pune,21267764
2896,4,3,0,1,Delhi,19859425
1493,2,1,1,1,Delhi,10642120
3223,6,5,4,1,Delhi,23012327
3429,5,4,30,2,Mumbai,30440477
651,1,1,19,0,Delhi,2571888
872,1,1,24,2,Hyderabad,3057834
2830,5,4,9,0,Bangalore,21536700
3997,6,5,29,0,Pune,21590540
583,1,1,6,0,Mumbai,5351382
2830,5,3,27,2,Mumbai,26166702
977,1,1,0,0,Bangalore,7223971
2776,5,4,0,1,Mumbai,27267656
2682,4,4,2,1,Mumbai,25540069
816,1,1,24,2,Bangalore,4451890
2883,4,3,7,1,Bangalore,21003872
3640,5,5,13,2,Hyderabad,18040815
3522,6,5,14,2,Mumbai,33618482
601,1,1,24,2,Bangalore,2902429
1360,2,1,10,2,Delhi,8709496
1343,2,1,0,0,Mumbai,12324010
2086,4,2,11,1,Pune,11405674
1000,1,1,8,1,Delhi,7057222
3491,6,5,22,0,Bangalore,25879823
3219,4,3,23,0,Bangalore,21791697
3330,6,5,2,0,Delhi,23630943
1193,3,1,24,2,Hyderabad,4784375
551,1,1,2,1,Bangalore,4562918
3688,6,5,19,0,Pune,20197908
1511,3,2,12,2,Bangalore,10764201
2797,5,4,9,2,Hyderabad,14871001
3683,6,5,14,2,Mumbai,34449903
626,1,1,9,2,Bangalore,4916986
519,1,1,24,2,Pune,1810236
519,1,1,29,0,Mumbai,3275438
1047,2,1,25,2,Mumbai,7589579
680,1,1,13,1,Hyderabad,2830624
3370,5,4,15,1,Bangalore,25219124
2621,5,5,13,1,Pune,15283345
3931,6,5,24,1,Pune,20464719
3305,5,4,17,1,Hyderabad,16514301
3872,6,5,14,2,Hyderabad,19635068
1335,2,1,12,0,Bangalore,9753886
1507,2,1,11,0,Mumbai,13528497
3473,5,4,17,0,Delhi,22965772
1357,1,1,21,2,Pune,6198355
700,1,1,13,1,Hyderabad,2037422
2842,4,4,25,1,Bangalore,19464264
3304,5,4,25,1,Delhi,21688755
3889,4,3,13,1,Mumbai,35936986
3748,5,4,28,1,Bangalore,25546540
920,2,1,5,0,Hyderabad,4582596
3203,5,4,28,0,Delhi,21062890
3462,6,5,9,2,Pune,19314391
2944,4,3,17,1,Pune,15749014
3370,6,5,8,0,Hyderabad,17889091
3433,5,5,13,1,Delhi,24104533
2063,3,2,10,1,Hyderabad,10271852
640,2,2,21,0,Pune,2597940
2097,4,3,2,0,Pune,12513636
1206,2,1,25,2,Delhi,6474778
898,1,1,28,0,Bangalore,4648691
937,1,1,17,0,Pune,3922896
2941,5,3,16,1,Mumbai,27100381
2266,3,3,21,1,Bangalore,15988942
2389,3,2,6,2,Bangalore,17746957
3108,6,5,23,2,Bangalore,22333961
2419,4,3,6,0,Delhi,16801345
2705,6,5,20,1,Bangalore,20406655
801,1,1,9,0,Mumbai,6688022
3479,6,5,23,1,Hyderabad,17490008
2071,3,2,24,0,Hyderabad,9243194
1043,2,1,6,0,Mumbai,9594948
3347,5,4,19,2,Delhi,21904770
3071,4,3,15,0,Mumbai,28532767
685,1,1,9,1,Bangalore,4393977
1175,2,1,18,0,Hyderabad,5389125
555,1,1,30,2,Bangalore,2167518
1447,1,1,0,2,Delhi,9786573
850,1,1,29,1,Delhi,4419593
2985,4,3,26,2,Mumbai,27042860
2329,3,2,16,1,Hyderabad,11282233
3931,6,5,18,0,Pune,21697603
3123,5,5,11,0,Bangalore,22990007
2641,4,3,4,0,Mumbai,24936071
2283,2,1,17,0,Hyderabad,10186831
690,1,1,25,0,Mumbai,5176423
745,1,1,7,0,Hyderabad,3243305
2657,5,5,22,1,Hyderabad,13833405
515,1,1,23,0,Bangalore,2284458
648,1,1,23,1,Hyderabad,2007578
1267,3,2,10,1,Mumbai,12118555
3595,6,5,12,2,Pune,20312353
2106,4,3,12,1,Delhi,14294732
2984,5,4,26,2,Bangalore,21107492
1940,3,2,27,1,Mumbai,17032836
1106,2,1,12,0,Delhi,6767002
1799,2,1,30,1,Delhi,10299317
821,2,1,17,1,Mumbai,6952600
3196,4,3,11,1,Bangalore,23454605
1142,2,2,0,1,Bangalore,8859054
1817,3,1,18,1,Mumbai,16725905
3931,6,4,19,0,Hyderabad,19584011
2572,4,2,30,0,Hyderabad,11462411
2105,3,2,22,2,Delhi,13332639
2401,3,2,0,2,Bangalore,17596175
3245,5,5,17,0,Pune,17321146
1390,1,1,23,2,Pune,6032267
2728,4,3,15,2,Mumbai,25549540
3555,5,4,13,0,Pune,19414406
2504,4,3,25,2,Delhi,16006375
2063,2,1,18,1,Mumbai,18486287
1008,1,1,21,2,Pune,4914512
1369,2,1,14,1,Pune,7328184
3812,6,5,8,1,Hyderabad,19789019
2394,4,4,16,0,Delhi,15867663
1555,2,1,29,0,Delhi,9362308
1964,3,2,18,1,Delhi,12740399
2523,3,2,21,2,Delhi,16085831
2381,4,2,3,2,Delhi,17017922
2949,6,5,30,2,Bangalore,21345555
1401,2,1,7,1,Bangalore,9866993
2772,4,3,30,1,Pune,13941204
2049,3,2,13,1,Bangalore,14907296
3793,6,5,28,2,Delhi,24738399
1052,1,1,27,0,Pune,3984721
1019,1,1,23,0,Delhi,5023464
2116,3,2,28,2,Hyderabad,9102547
2279,3,2,18,1,Delhi,14506415
2918,5,4,26,1,Bangalore,20722992
1914,3,3,5,2,Hyderabad,10124492
3698,5,3,2,2,Bangalore,27419054
2160,3,2,16,0,Pune,11180044
952,1,1,25,1,Pune,3298963
917,1,1,23,1,Delhi,5000581
3907,6,5,16,2,Pune,22042385
969,1,1,16,2,Hyderabad,4103479
3818,6,5,18,1,Hyderabad,19345473
1473,3,2,26,2,Bangalore,9871704
827,1,1,26,1,Mumbai,5413036
1566,1,1,3,2,Pune,8721086
2652,4,2,18,1,Bangalore,19789660
1998,3,1,11,1,Mumbai,18169063
3250,5,3,24,1,Delhi,21203306
2639,5,5,15,2,Delhi,18563762
1903,2,1,30,1,Bangalore,12546866
2721,5,4,13,0,Delhi,18967739
3901,5,4,21,0,Delhi,24982038
1941,3,2,3,1,Delhi,13753690
1037,1,1,28,2,Hyderabad,4517776
1931,2,2,4,1,Delhi,13389354
3441,6,5,11,1,Delhi,23542389
1261,2,1,25,2,Bangalore,8025640
3822,6,5,29,1,Mumbai,34269759
2559,4,3,15,2,Hyderabad,13314681
2606,4,2,15,1,Hyderabad,12524241
1609,3,3,1,2,Bangalore,12618985
3722,6,5,30,2,Bangalore,26103777
626,1,1,0,1,Mumbai,5942743
1545,2,1,0,0,Delhi,11212653
1964,3,2,14,1,Mumbai,17882210
2170,4,3,0,0,Delhi,15359279
2159,2,1,5,1,Delhi,14032670
1017,1,1,19,0,Bangalore,5533904
1289,2,1,21,1,Delhi,7220552
833,1,1,9,1,Delhi,5323686
2504,3,3,24,0,Bangalore,17391082
1728,2,1,18,0,Bangalore,11289877
2480,3,2,7,1,Delhi,17329690
2564,4,3,22,0,Delhi,16324875
2957,5,4,18,2,Delhi,19927196
2415,4,3,25,2,Mumbai,21257148
2768,4,3,4,2,Hyderabad,15003167
2555,4,2,7,0,Hyderabad,13808129
2784,4,3,9,2,Bangalore,19891364
2658,3,2,10,1,Bangalore,18934843
1607,2,1,27,1,Pune,7659073
1362,2,1,22,0,Pune,5685969
3256,4,2,16,1,Delhi,21642339
1699,3,3,16,2,Delhi,11751015
2422,4,3,27,0,Bangalore,16541380
1189,1,1,13,0,Bangalore,8005592
2010,3,2,6,1,Delhi,14411316
2354,3,2,4,1,Mumbai,22737949
2691,4,3,10,1,Mumbai,25047311
2342,4,3,20,1,Mumbai,21041668
1762,2,1,14,0,Bangalore,11682007
3867,5,5,13,0,Pune,21540337
2295,4,3,14,0,Bangalore,16054879
3329,6,5,30,0,Mumbai,30022599
3079,3,2,30,2,Delhi,19199441
2454,4,2,5,2,Hyderabad,12753149
3603,6,5,3,1,Bangalore,27458937
949,1,1,7,0,Delhi,6976080
3724,6,5,26,1,Mumbai,34003440
3476,5,5,14,2,Hyderabad,17752408
2263,3,2,26,0,Pune,11352966
3067,4,3,20,1,Hyderabad,14955454
2321,2,1,17,1,Pune,12132968
1440,3,2,8,0,Bangalore,10627641
3300,4,3,10,1,Bangalore,23863052
1360,2,1,4,1,Delhi,8685696
1600,2,2,16,1,Pune,7533093
2318,3,2,8,2,Bangalore,16273505
3431,5,4,9,1,Delhi,23754269
1844,2,1,1,0,Hyderabad,8954413
2229,4,4,24,0,Mumbai,20420452
645,1,1,29,1,Delhi,2673086
905,2,1,15,2,Mumbai,7859535
695,1,1,16,0,Hyderabad,2320651
752,2,1,28,0,Hyderabad,2517391
3540,5,4,15,2,Bangalore,25498426
3447,5,4,19,1,Hyderabad,16820718
3377,6,5,13,0,Hyderabad,17965522
694,2,1,15,0,Hyderabad,3055317
771,1,1,16,1,Hyderabad,2998575
1482,2,1,22,1,Bangalore,9808502
2479,5,4,18,1,Pune,13583926
1669,3,3,15,0,Bangalore,11967055
2206,4,2,2,1,Pune,12445303
1105,2,1,28,2,Delhi,6797140
3058,4,2,27,0,Pune,15108733
1598,3,2,5,1,Hyderabad,9015006
732,1,1,9,0,Mumbai,6291896
3100,5,4,30,1,Hyderabad,15012484
3660,6,5,9,0,Mumbai,34816978
551,1,1,25,0,Delhi,2632898
2028,3,2,24,2,Delhi,12457782
3395,6,4,26,0,Pune,18310472
2972,4,3,0,2,Bangalore,23100254
3498,6,5,14,1,Mumbai,32761457
1953,3,2,17,1,Pune,10127747
1803,3,1,25,1,Mumbai,15293794
2982,5,4,6,1,Bangalore,22282747
1037,2,1,9,1,Hyderabad,5696598
1338,3,1,5,2,Pune,7356118
2603,4,3,23,2,Pune,13245858
2840,5,4,30,0,Bangalore,20193815
918,1,1,4,2,Hyderabad,4944992
2279,4,4,7,0,Mumbai,22363130
1777,3,1,9,2,Mumbai,16305346
2256,4,4,27,0,Delhi,14418198
3855,5,4,13,0,Bangalore,27693763
768,1,1,8,2,Pune,4083755
3985,6,5,9,2,Pune,21921066
2073,3,2,18,0,Mumbai,18686734
3203,5,4,11,1,Delhi,22112716
1986,4,3,4,1,Pune,11577056
1588,1,1,25,1,Hyderabad,6235772
3197,6,5,13,1,Mumbai,29899836
2907,4,4,7,2,Delhi,20460200
1004,1,1,22,2,Mumbai,7686119
2969,4,3,23,1,Bangalore,20902164
3136,5,5,4,2,Mumbai,30870058
1857,1,1,2,2,Mumbai,17692933
3740,6,5,1,0,Pune,21101205
2743,3,2,23,2,Mumbai,24139142
1668,3,1,19,2,Bangalore,11593508
537,1,1,24,0,Delhi,2185901
2863,5,4,19,2,Hyderabad,13972608
1231,2,1,12,2,Bangalore,8761861
3148,4,3,18,1,Mumbai,28618494
2338,3,2,22,1,Delhi,15477014
2134,4,4,12,1,Pune,11868170
1073,2,2,28,2,Hyderabad,4599201
2990,4,3,27,2,Delhi,18751519
1080,2,1,24,2,Delhi,5830197
1962,2,2,30,1,Delhi,11805582
3427,6,5,12,0,Pune,19609706
3722,5,4,3,2,Hyderabad,19370513
3962,6,5,15,0,Bangalore,28942427
3853,6,5,23,0,Mumbai,34833447
2446,5,3,24,0,Pune,12675773
1201,1,1,12,2,Pune,6298123
3437,5,4,9,1,Mumbai,32100765
3306,6,5,13,0,Delhi,22741838
3967,6,4,24,0,Mumbai,35727572
2778,4,2,1,1,Pune,15548675
995,2,1,10,2,Pune,5939339
2260,3,3,7,2,Pune,12687524
2069,3,2,24,1,Hyderabad,9050392
3451,5,4,14,1,Mumbai,31918830
1874,3,1,2,2,Mumbai,17266900
1650,2,1,8,2,Delhi,10660044
780,1,1,1,0,Hyderabad,4550119
3424,6,4,14,2,Bangalore,25238131
3144,5,4,30,1,Mumbai,28807756
644,1,1,17,2,Delhi,3562628
2018,4,2,26,0,Pune,9961007
2179,4,3,23,0,Pune,11395113
2143,3,2,27,2,Pune,9568194
3717,6,5,9,2,Mumbai,35344729
1027,1,1,29,0,Hyderabad,3282455
1572,2,1,7,2,Pune,9054514
1133,1,1,13,0,Pune,5719238
1354,3,3,21,2,Pune,6574008
3675,5,4,8,0,Hyderabad,19364749
3793,6,5,8,0,Hyderabad,19804590
656,1,1,4,2,Bangalore,4595441
2712,4,3,0,2,Bangalore,20702986
1315,2,1,15,0,Mumbai,11364031
1174,2,1,30,0,Hyderabad,4723663
1522,2,1,6,1,Pune,8363618
1180,1,1,13,0,Delhi,7231981
2216,3,2,29,2,Delhi,13939226
3985,6,5,23,2,Hyderabad,20350505
2553,3,2,0,2,Hyderabad,13778662
3032,5,3,15,0,Hyderabad,15700412
2227,3,2,4,0,Bangalore,16572039
548,2,1,7,2,Pune,3268278
794,1,1,7,0,Hyderabad,4154910
1441,2,1,18,1,Mumbai,12427186
1353,1,1,6,1,Delhi,8886136
3442,5,3,7,2,Hyderabad,18534152
3453,5,5,6,0,Delhi,24592173
3490,4,3,11,2,Bangalore,25307138
2732,4,3,20,2,Pune,14297657
2447,5,4,12,0,Pune,14246511
2772,4,4,10,1,Mumbai,26228146
1924,3,2,16,0,Pune,10045253
2846,5,3,19,1,Mumbai,25971345
3281,5,4,0,0,Hyderabad,17714894
3170,5,4,27,0,Mumbai,28482402
2649,3,3,28,1,Pune,12882282
703,1,1,18,1,Pune,2940765
3038,5,3,17,0,Delhi,20349898
1783,2,1,21,0,Mumbai,15095612
3103,5,5,13,0,Pune,17541939
2388,3,3,11,2,Delhi,16603091
3585,5,5,10,1,Delhi,25041964
1684,3,1,4,0,Bangalore,12311313
3760,5,4,26,0,Hyderabad,18342538
3456,6,5,9,2,Bangalore,26039286
1659,2,1,8,0,Bangalore,11270489
2189,3,1,29,2,Hyderabad,9812655
2360,5,4,15,1,Bangalore,17471146
3190,6,5,19,0,Bangalore,24157742
2912,5,4,7,0,Bangalore,22254045
3482,5,4,8,0,Mumbai,32876903
1794,2,1,22,2,Mumbai,15543210
2267,4,2,13,1,Pune,12335703
2008,3,2,4,1,Delhi,13570709
3684,6,5,25,0,Pune,19048154
1567,2,1,12,2,Mumbai,13807604
2555,4,4,20,0,Bangalore,18068299
920,1,1,10,1,Delhi,5043061
3476,5,4,17,2,Bangalore,25001487
1845,3,1,24,2,Pune,8927335
1692,2,1,27,1,Mumbai,14012601
2540,4,4,6,2,Delhi,17658397
2246,3,2,20,0,Mumbai,19744470
3468,5,4,28,2,Hyderabad,17339763
2360,3,3,19,1,Mumbai,21441751
2309,4,4,4,1,Pune,13230695
867,2,1,5,0,Mumbai,8079078
576,1,1,6,2,Delhi,3914090
1895,3,2,3,2,Pune,10625216
3994,6,5,23,2,Bangalore,28528804
3711,5,5,29,0,Delhi,24445183
2702,4,3,16,1,Hyderabad,13252675
2708,4,3,18,2,Delhi,17608856
1870,3,3,23,1,Mumbai,16504901
1121,1,1,12,2,Bangalore,7648303
529,1,1,14,2,Bangalore,2632554
1686,2,1,18,0,Pune,8142939
1607,2,1,9,1,Delhi,10869293
1170,2,1,1,0,Hyderabad,6353930
1407,3,1,17,1,Pune,7906828
586,2,1,25,1,Hyderabad,2250688
2628,5,4,2,2,Hyderabad,15031527
3747,5,4,6,2,Hyderabad,20595630
2918,5,5,8,1,Pune,16978955
2069,2,1,24,1,Mumbai,17748075
1971,3,2,15,1,Bangalore,14237809
1576,2,1,16,1,Pune,7629467
998,1,1,20,1,Bangalore,6123690
2595,3,2,8,2,Pune,13957295
2483,4,2,22,2,Delhi,16238795
525,1,1,0,2,Hyderabad,2891832
1954,4,3,3,0,Mumbai,18585575
1473,2,2,25,1,Hyderabad,6365116
1096,3,2,20,1,Delhi,6825801
2961,4,4,5,1,Delhi,19921868
2340,4,3,13,1,Hyderabad,11362555
2718,3,2,1,2,Hyderabad,13824857
2997,6,5,20,1,Pune,16225360
3937,6,5,23,0,Hyderabad,19682648
3310,5,4,8,1,Mumbai,31256629
2671,3,2,10,2,Hyderabad,13743648
